,avg_distance,penalties,simple_penalties,best,amount of modifications
0,146.29815405827264,87.35350588771615,14773.674,87.35350588771615,
1,146.999383338784,87.8970945205887,14934.423999999999,87.35350588771615,15.0
2,146.89428788018435,88.14436149447499,14905.184000000001,87.35350588771615,14.0
3,146.28180957583868,87.31032158564987,14770.714,87.35350588771615,6.0
4,148.3054442158466,89.46326141618354,14824.225999999999,87.31032158564987,9.0
5,146.38094046628015,87.41465797631434,14819.194,87.31032158564987,8.0
6,145.68773450968735,87.232028918785,14840.996,87.31032158564987,11.0
7,145.86714553144049,87.66228018334077,14917.203,87.232028918785,7.0
8,146.59952573261978,88.15987604231702,14961.660000000002,87.232028918785,15.0
9,146.45648585600318,87.97936495317376,14923.110999999999,87.232028918785,13.0
10,146.0813418571924,87.98069616470941,15067.895,87.232028918785,14.0
11,145.68773450968735,87.232028918785,14840.996,87.232028918785,6.0
12,146.40322351964718,88.7449139140776,15274.451000000001,87.232028918785,17.0
13,145.82134867796444,87.41115670531688,14899.799,87.232028918785,17.0
14,145.31925988504037,86.74935780238839,14763.025999999998,87.232028918785,4.0
15,144.50236052326443,86.03368449977702,14761.008999999998,86.74935780238839,8.0
16,145.04442710866658,86.90780685149396,14932.776,86.03368449977702,15.0
17,145.2760152212477,87.29608143749071,15028.974,86.03368449977702,10.0
18,144.61461793171796,86.02297168078886,14804.565999999999,86.03368449977702,15.0
19,144.82793696100293,86.2649724775779,14903.160999999998,86.02297168078886,13.0
20,148.78115624993808,89.58153054804023,14746.255999999998,86.02297168078886,7.0
21,145.75604634805018,87.02262774837718,14932.265,86.02297168078886,9.0
22,145.06546525543826,86.91409119221048,14989.794,86.02297168078886,13.0
23,145.01539603290223,86.34360720380555,14817.061999999998,86.02297168078886,6.0
24,144.97390873891283,86.23379380655071,14852.822999999999,86.02297168078886,8.0
25,144.70847390367177,86.0962268009514,14819.094999999998,86.02297168078886,7.0
26,145.02627367722116,86.44392856102274,14882.996,86.02297168078886,7.0
27,145.81741658738417,87.60994533918041,15021.585,86.02297168078886,8.0
28,144.95313241167437,86.65175360487586,14865.774999999998,86.02297168078886,13.0
29,144.62763671324512,86.4874469411823,14858.225999999999,86.02297168078886,8.0
30,144.46425764233686,85.89162195084484,14808.515999999998,86.02297168078886,10.0
31,143.10986039195282,84.73432963331845,14908.134999999998,85.89162195084484,10.0
32,144.82308744115755,86.7073024711362,15402.771,84.73432963331845,18.0
33,142.8547029919231,84.48603364055296,14881.673999999999,84.73432963331845,9.0
34,143.05636797036817,84.95069213567216,14944.217,84.48603364055296,9.0
35,147.06218303453744,88.45047102522174,15273.359,84.48603364055296,11.0
36,144.79606925969975,86.53379867647789,14948.256,84.48603364055296,11.0
37,143.2597913735692,84.73469550815122,15019.043999999998,84.48603364055296,20.0
38,143.8985409325603,85.50858704127646,14939.294,84.48603364055296,12.0
39,143.93114437788017,85.97920018135869,14998.833,84.48603364055296,12.0
40,143.27367173925973,84.7942189762648,14954.413999999997,84.48603364055296,15.0
41,143.01194476685993,84.67225674198502,14863.543,84.48603364055296,13.0
42,143.49367209157126,85.01440094643476,15102.405999999999,84.48603364055296,13.0
43,143.2096870779446,84.46894240820572,14909.409,84.48603364055296,12.0
44,144.9392847737971,85.770598298895,15104.196000000002,84.46894240820572,9.0
45,143.8216703874932,84.7689398924731,15054.678,84.46894240820572,10.0
46,143.72814331400824,84.96503502997868,14951.899,84.46894240820572,11.0
47,143.81760275457114,85.07836311431544,14894.867,84.46894240820572,6.0
48,143.26090188295922,84.63206551806152,14935.239,84.46894240820572,10.0
49,147.2687588999554,88.63339885089935,15039.743,84.46894240820572,10.0
50,143.24991518061546,84.69767261186263,14915.574999999999,84.46894240820572,10.0
51,143.3731926029434,84.62092608096724,14906.034,84.46894240820572,6.0
52,143.18108016649325,84.33532675585946,14904.249,84.46894240820572,8.0
53,143.31147917893068,84.61848443436895,14933.785999999998,84.33532675585946,12.0
54,143.239680667955,84.56805837470888,15090.631,84.33532675585946,16.0
55,144.26221919330064,84.76633387146326,14763.609,84.33532675585946,2.0
56,142.98409851048015,84.65644429711114,14967.519,84.33532675585946,10.0
57,142.40261793865517,83.77138992517715,15007.549,84.33532675585946,13.0
58,143.4234833353154,85.3441571319558,15323.305999999999,83.77138992517715,12.0
59,143.7923915801992,85.40766316485805,15225.340999999999,83.77138992517715,10.0
60,140.18144213864525,81.79149452157972,14886.845,83.77138992517715,6.0
61,141.26455688518902,82.87659133045935,14887.245,81.79149452157972,7.0
62,141.14996157772163,83.12902876220207,14919.644,81.79149452157972,14.0
63,140.42638906892623,82.06369480897874,14892.345,81.79149452157972,4.0
64,141.98452969525792,83.80961945889698,15188.823,81.79149452157972,10.0
65,140.68190946831177,82.25531592785293,14912.255,81.79149452157972,9.0
66,140.23315352063824,81.73110259451963,14895.696999999998,81.79149452157972,12.0
67,140.09400251375058,81.49001718993114,14868.842999999999,81.73110259451963,9.0
68,138.76665750854767,80.13760020811655,14755.353,81.49001718993114,10.0
69,138.46499265745007,79.87990927406966,14807.122,80.13760020811655,8.0
70,138.4585919934592,80.5812703265448,15009.596999999998,79.87990927406966,9.0
71,138.87703116017445,80.40706386658738,14889.47,79.87990927406966,13.0
72,138.40338462514245,79.79981600069371,14885.952,79.87990927406966,9.0
73,138.849339348397,80.44408660224964,15065.937999999998,79.79981600069371,9.0
74,138.33859582974083,79.75296484366484,14881.422,79.79981600069371,9.0
75,139.24668498984192,80.83475762003866,14964.947,79.75296484366484,15.0
76,138.148485198454,79.73259670531688,14927.748,79.75296484366484,14.0
77,138.4306110559437,79.84240393588028,14934.592999999999,79.73259670531688,7.0
78,138.04647540012886,80.03860728259252,14983.628,79.73259670531688,11.0
79,140.36605508547643,82.57464563797632,15222.697999999999,79.73259670531688,15.0
80,138.4615751087657,80.86491360041624,15201.194,79.73259670531688,19.0
81,139.0261932941876,80.61161573162877,14995.173,79.73259670531688,16.0
82,139.14505696595808,80.89386090530698,15180.485,79.73259670531688,10.0
83,138.62614114910065,80.47178113126208,15028.757000000001,79.73259670531688,15.0
84,139.16640150190773,80.40321522322975,14979.158,79.73259670531688,17.0
85,140.21797092066797,81.74108641593578,14880.776999999998,79.73259670531688,14.0
86,139.0280341241762,81.0362834344185,15149.094000000001,79.73259670531688,13.0
87,138.5453013582082,80.35209050047072,15027.248,79.73259670531688,9.0
88,138.29537020415245,79.84416230166988,14904.428,79.73259670531688,8.0
89,138.34179669639758,80.51792940884992,15067.121,79.73259670531688,13.0
90,138.58365345572568,80.299959348397,15036.722000000002,79.73259670531688,9.0
91,138.48783070561421,80.58314636341113,14910.072,79.73259670531688,15.0
92,138.359027360884,80.19108401615381,14938.062999999998,79.73259670531688,16.0
93,137.9341227694366,79.18584276249938,14938.532,79.73259670531688,12.0
94,139.87225896833652,81.72228612159952,15156.294000000002,79.18584276249938,8.0
95,137.97554994152915,79.0468905688519,14964.645000000002,79.18584276249938,7.0
96,138.62626464347653,79.62510405331749,15057.502,79.0468905688519,12.0
97,138.8079932302661,79.79932232892324,15069.094,79.0468905688519,14.0
98,137.98887425647885,78.8711407338586,14911.984,79.0468905688519,8.0
99,140.06753583766908,80.55029253654428,15135.538,78.8711407338586,7.0
100,139.01405893811008,80.0627024384322,14973.841999999999,78.8711407338586,8.0
101,138.500146884198,79.68381678707695,14967.998,78.8711407338586,14.0
102,138.99838804865962,80.13205686982806,15016.214999999998,78.8711407338586,9.0
103,138.18620960656065,79.00475324265398,14968.913999999997,78.8711407338586,13.0
104,137.7633867375254,78.6732408775581,14894.543,78.8711407338586,12.0
105,137.3427234978445,79.64553406917398,15008.14,78.6732408775581,17.0
106,140.30143578861305,80.41559830979634,15055.880000000001,78.6732408775581,11.0
107,140.17310129081807,80.66547857638372,15112.922999999999,78.6732408775581,6.0
108,137.80263424805509,78.47498053317476,14900.115,78.6732408775581,9.0
109,137.63177760120908,78.22053491650561,14848.036999999997,78.47498053317476,11.0
110,137.94064920172437,79.04572080868144,14965.372,78.22053491650561,13.0
111,137.77788241415195,78.42791086764778,14932.676,78.22053491650561,11.0
112,137.01164548287994,78.34831912442395,14823.365999999998,78.22053491650561,7.0
113,138.3517444700461,78.95160931916159,14847.012,78.22053491650561,14.0
114,140.42111055150886,79.71159708339528,14971.600999999999,78.22053491650561,12.0
115,139.2481942886874,79.94769018482731,15032.260999999999,78.22053491650561,14.0
116,140.37543373668302,80.57307003072196,14815.977,78.22053491650561,20.0
117,140.57736485010653,81.18132050641692,15028.874999999998,78.22053491650561,9.0
118,137.36924064070166,78.15813616272732,14836.457000000002,78.22053491650561,14.0
119,139.43128332243197,80.01967409593182,15005.679,78.15813616272732,12.0
120,139.01663950349337,79.87080025271295,15006.152,78.15813616272732,12.0
121,137.79263358406422,78.67393373172787,14903.809000000003,78.15813616272732,9.0
122,137.53958163272384,78.33804919181406,14869.845000000001,78.15813616272732,13.0
123,138.20063638917796,79.41638508993607,15061.317000000001,78.15813616272732,8.0
124,137.6422098384619,78.27440630989544,14917.189,78.15813616272732,10.0
125,137.01821375402608,77.99404523066251,14844.907000000001,78.15813616272732,10.0
126,137.48483048857835,79.15295267627965,14920.905999999999,77.99404523066251,15.0
127,137.44245543927454,78.0864487309846,14882.438,77.99404523066251,19.0
128,137.41416660076308,78.79374537882168,14917.035999999998,77.99404523066251,8.0
129,137.23729975818839,78.58460994400673,14951.892000000002,77.99404523066251,15.0
130,137.21020605520042,77.923150778455,14871.145,77.99404523066251,9.0
131,138.49586615678115,79.69478440216044,15059.651,77.923150778455,10.0
132,137.2550278464893,78.32898597839552,14817.187000000002,77.923150778455,13.0
133,137.34616191021257,78.94913754224271,15174.901000000002,77.923150778455,11.0
134,138.33808883635643,79.59362533749629,14946.404999999999,77.923150778455,17.0
135,137.76073237401516,78.67234461523216,14896.851999999999,77.923150778455,9.0
136,138.0914290520787,78.63291614241118,14849.825,77.923150778455,9.0
137,136.50816619716213,76.9462257283191,14789.835,77.923150778455,12.0
138,136.50066843470927,76.98684330869222,14834.094999999998,76.9462257283191,11.0
139,136.0005895658861,76.71377395415757,14779.835,76.9462257283191,14.0
140,136.0422256310776,76.9122999290534,14843.373,76.71377395415757,9.0
141,136.504389317821,77.09185039789641,14802.275,76.71377395415757,11.0
142,136.24799638420322,76.94508724102003,14785.221,76.71377395415757,7.0
143,136.96442409257787,77.95085361430839,14922.026999999996,76.71377395415757,7.0
144,136.79982473754714,77.9313574027585,14910.136,76.71377395415757,14.0
145,137.03737594066283,77.7607564988093,14902.090999999999,76.71377395415757,14.0
146,136.14242312909306,77.52062723308197,14890.111,76.71377395415757,16.0
147,136.5643432680095,77.35739474796587,14864.951999999997,76.71377395415757,13.0
148,136.09263672802143,76.93869467751539,14781.554999999998,76.71377395415757,5.0
149,136.37322870708476,77.22064085384007,14885.317999999997,76.71377395415757,10.0
150,136.1689456127208,76.90672294949395,14831.627999999999,76.71377395415757,8.0
151,136.06579261113316,76.86449950585434,14858.912999999999,76.71377395415757,8.0
152,136.47656851805914,77.28311285126017,14911.779,76.71377395415757,8.0
153,136.12974610686643,77.81792979460211,14872.348999999998,76.71377395415757,16.0
154,137.40481615747174,78.39699429946418,14934.595,76.71377395415757,12.0
155,136.06672307203812,77.99469767761462,15003.394999999997,76.71377395415757,14.0
156,136.168379653205,76.87539894423496,14832.164999999999,76.71377395415757,7.0
157,139.3458994904743,79.34906781008135,14963.914999999999,76.71377395415757,11.0
158,136.45751105774954,77.44827797231595,14840.541,76.71377395415757,7.0
159,136.725148037309,77.46391981395118,15004.945,76.71377395415757,11.0
160,137.36695734669576,78.21316189273664,14963.807,76.71377395415757,13.0
161,136.23002156032945,77.25205599275651,14861.871000000001,76.71377395415757,15.0
162,137.45554701974598,78.24633091784087,14847.421999999999,76.71377395415757,11.0
163,135.68911319259774,76.66547525699544,14952.130000000001,76.71377395415757,15.0
164,137.67359126761264,77.37987105129986,14957.991,76.66547525699544,11.0
165,135.6706174245882,76.63037112919228,14939.960000000001,76.66547525699544,7.0
166,135.51426809833302,76.61122977376462,14971.447,76.63037112919228,10.0
167,139.07752910547728,79.9507083434213,15326.702000000001,76.61122977376462,9.0
168,135.42451686793015,76.9230649444334,14961.276999999998,76.61122977376462,7.0
169,135.73467581464578,76.89257025649928,15022.699,76.61122977376462,12.0
170,134.49150424141692,76.11018530065489,14952.727,76.61122977376462,9.0
171,137.70280279370905,79.10811888817226,15157.938000000002,76.11018530065489,18.0
172,134.59681873933317,76.09179281107363,14959.497,76.11018530065489,7.0
173,136.40863231841635,77.4824116471522,15234.547000000002,76.09179281107363,15.0
174,135.33286462591784,77.04502415211351,15084.042,76.09179281107363,11.0
175,135.20479178458027,77.46780470331417,15090.577000000001,76.09179281107363,12.0
176,135.038260872693,76.81720812313952,15056.008999999998,76.09179281107363,13.0
177,135.34255915012898,76.74345556707681,14985.33,76.09179281107363,14.0
178,134.87151906975592,77.08333901915063,15095.890000000001,76.09179281107363,11.0
179,134.99985445128002,76.72279415360191,15083.512999999999,76.09179281107363,12.0
180,135.2837014467156,76.62442905586425,14906.791999999998,76.09179281107363,13.0
181,135.15229032347688,76.99523081960709,15097.052000000001,76.09179281107363,13.0
182,134.55588108106767,76.34894164963286,15000.077000000001,76.09179281107363,11.0
183,134.67820932327842,76.51105963931334,15018.332000000002,76.09179281107363,7.0
184,135.77644457928162,76.90409760418737,15117.651999999998,76.09179281107363,14.0
185,135.65828557799168,77.87290033240721,15232.875,76.09179281107363,12.0
186,135.09878809138718,76.45791123486802,14992.931,76.09179281107363,9.0
187,134.73071268654493,76.55131041377257,14989.567,76.09179281107363,8.0
188,135.36143956737448,76.56348388469935,15035.273000000001,76.09179281107363,10.0
189,135.5908891521135,77.0658430179599,15449.871,76.09179281107363,15.0
190,137.28261066679897,79.1846416139115,15109.923999999999,76.09179281107363,15.0
191,134.57210197559039,76.57102918188133,14969.012,76.09179281107363,11.0
192,134.3568881712641,76.19930182278229,15041.604,76.09179281107363,10.0
193,135.6717092587815,77.41612885542766,15122.427,76.09179281107363,15.0
194,135.07642441059733,76.73477764933519,15077.36,76.09179281107363,12.0
195,135.57755003572134,76.947970956539,15010.048999999999,76.09179281107363,8.0
196,135.96756680889064,77.09600887279221,14897.332,76.09179281107363,8.0
197,135.11701964377855,76.90950065538796,15073.774999999998,76.09179281107363,13.0
198,134.9802310880135,75.95174234967254,14892.042,76.09179281107363,13.0
199,136.09076906132168,77.46344885641992,15168.263,75.95174234967254,11.0
200,136.48378850168683,77.54530122692995,15001.711,75.95174234967254,15.0
201,136.84318703214922,77.81597466858503,15032.666,75.95174234967254,13.0
202,136.22908388718,77.3933210751141,14996.862,75.95174234967254,7.0
203,135.19836173893628,76.6255039447311,14966.741,75.95174234967254,10.0
204,134.8916871730502,75.76978521283984,14888.292,75.95174234967254,8.0
205,134.94704705348283,75.81661165409803,14886.572,75.76978521283984,7.0
206,136.62497415161738,78.0702571115301,15254.822999999999,75.76978521283984,13.0
207,136.37106994294504,76.851667656281,14861.321999999998,75.76978521283984,8.0
208,135.08128995634056,76.48393611877357,14975.623999999998,75.76978521283984,11.0
209,135.1451185552689,76.19328673050208,14984.904,75.76978521283984,8.0
210,137.17617223258583,78.09627732982734,15087.037999999999,75.76978521283984,11.0
211,136.09082618128596,77.04607287259375,15046.733000000002,75.76978521283984,16.0
212,136.38456775699544,77.21637860339352,15225.621,75.76978521283984,12.0
213,136.0009158513594,76.9581040975392,15008.798999999999,75.76978521283984,19.0
214,136.3282090925779,76.97408829430441,14784.502999999999,75.76978521283984,8.0
215,135.00976590394922,75.83728691456639,14923.842,75.76978521283984,7.0
216,135.02728665211353,76.05842863911491,14957.771999999999,75.76978521283984,12.0
217,134.9447314005755,75.92608112274259,14933.59,75.76978521283984,14.0
218,137.16049396259177,77.5780037705894,15053.917,75.76978521283984,12.0
219,136.8932727282199,77.89972391545942,15018.978,75.76978521283984,20.0
220,136.05629795147848,78.01410124032546,15169.951,75.76978521283984,15.0
221,135.28301448402462,76.6325623749752,14953.256,75.76978521283984,13.0
222,134.8631399920619,76.10405627257393,14924.985999999999,75.76978521283984,9.0
223,134.51944168188132,75.33086440414765,14781.044000000002,75.76978521283984,13.0
224,136.59592067275253,77.81198047578884,15113.546000000002,75.33086440414765,20.0
225,135.2645335979361,75.94974792220675,14929.214,75.33086440414765,11.0
226,135.6053448154396,76.92360785473306,14967.733,75.33086440414765,13.0
227,134.07394397846792,75.28128408116692,14691.789,75.33086440414765,9.0
228,135.8042086768208,77.0048739298472,14928.301,75.28128408116692,18.0
229,134.183767762949,75.54237960309587,14713.089,75.28128408116692,10.0
230,134.35238519150627,75.53818028676324,14633.313,75.28128408116692,9.0
231,135.3983289306803,76.84447215551036,15179.489000000001,75.28128408116692,20.0
232,134.23372545941655,75.98577987100616,14873.352,75.28128408116692,11.0
233,134.19191845554673,75.56645443044256,14725.489,75.28128408116692,15.0
234,134.80192878249653,76.93684700486209,14916.132000000001,75.28128408116692,19.0
235,134.56511512601708,76.22286773863863,14834.764,75.28128408116692,12.0
236,134.73354381871403,76.38071195524907,14854.400999999998,75.28128408116692,10.0
237,134.37915764189322,76.25492302490575,14818.019999999999,75.28128408116692,14.0
238,134.79322439620958,76.03910848084938,14745.832,75.28128408116692,16.0
239,134.3382262705894,75.75556513147451,14722.464000000002,75.28128408116692,10.0
240,134.0929260106172,75.83196414864061,14781.579,75.28128408116692,13.0
241,133.95144909853147,75.8803381380234,14761.447999999999,75.28128408116692,16.0
242,134.5361077793213,75.63324872941061,14805.013,75.28128408116692,12.0
243,133.91476391446716,75.28209624131773,14770.196000000002,75.28128408116692,9.0
244,134.63582962294106,76.35566957680095,14874.394000000002,75.28128408116692,9.0
245,134.98021485513,76.04488547231594,14732.384000000002,75.28128408116692,13.0
246,134.29944971770192,75.56162052192896,14688.838,75.28128408116692,10.0
247,135.5845694408613,76.74448055765032,14776.488,75.28128408116692,16.0
248,137.82235838460014,79.31889700635047,15022.798999999999,75.28128408116692,12.0
249,134.45825916005157,76.39110661788052,14819.918999999998,75.28128408116692,10.0
250,136.08063118078985,77.08808127604685,14873.396999999999,75.28128408116692,14.0
251,133.96120484421513,75.75985452718795,14732.232,75.28128408116692,11.0
252,134.24861508136536,75.82855051944831,14879.743,75.28128408116692,18.0
253,134.18089671958722,75.4849930735265,14737.018999999998,75.28128408116692,6.0
254,135.36991399484023,76.77171067622544,14818.439,75.28128408116692,14.0
255,134.491136223457,76.10788894721175,14738.500000000002,75.28128408116692,16.0
256,135.07680952718792,76.3601267979758,14858.588999999998,75.28128408116692,10.0
257,135.05807134153602,76.1529810716412,14696.480000000001,75.28128408116692,10.0
258,135.53794220430643,76.64047823923399,14733.105,75.28128408116692,12.0
259,134.9004021695773,75.70988315836476,14817.999,75.28128408116692,6.0
260,135.1804064809486,76.05327603889661,14817.53,75.28128408116692,8.0
261,134.21471164070252,76.09734848878747,14794.186,75.28128408116692,13.0
262,134.250152522822,75.83486419924587,14800.304999999998,75.28128408116692,13.0
263,133.98657555020839,75.62228527138322,14689.625,75.28128408116692,9.0
264,134.2817744120857,75.54075274657671,14713.5,75.28128408116692,10.0
265,134.11938707729706,75.5062687209764,14741.128999999999,75.28128408116692,8.0
266,133.96433154544553,75.22366947757493,14724.859,75.28128408116692,5.0
267,134.3582820648938,75.64758525550704,14809.105000000001,75.22366947757493,7.0
268,134.8803330586426,76.25873352798176,14883.509,75.22366947757493,7.0
269,133.91839819259772,75.48744567324869,14755.254,75.22366947757493,9.0
270,134.04134161589604,75.43572084788651,14735.289,75.22366947757493,4.0
271,133.877048254614,75.09561964774758,14695.228000000001,75.22366947757493,8.0
272,133.7904068327049,75.0699804485017,14711.898,75.09561964774758,9.0
273,134.09195125769003,75.35664401170868,14702.669000000002,75.0699804485017,16.0
274,134.57084394770789,75.85493046487399,14766.973,75.0699804485017,10.0
275,134.00369626662035,75.35538526741416,14772.337,75.0699804485017,8.0
276,133.95005372692995,75.3429919557452,14802.686,75.0699804485017,8.0
277,136.56159615747174,77.61683079579282,15001.078,75.0699804485017,17.0
278,134.41429324866044,75.6436284927565,14837.34,75.0699804485017,8.0
279,134.29480854584241,75.65791107213735,14795.535,75.0699804485017,13.0
280,134.03438220877158,75.1741625540782,14767.669,75.0699804485017,11.0
281,134.38109284927563,75.68839769894821,14796.612,75.0699804485017,14.0
282,134.22302946864457,76.56569325709465,15081.086000000001,75.0699804485017,16.0
283,133.775082126414,75.36712416153999,14784.586,75.0699804485017,13.0
284,133.68065874280612,75.03570620013892,14697.622999999998,75.0699804485017,9.0
285,133.79259951577694,76.13400131573725,14857.405999999999,75.03570620013892,9.0
286,134.17764337616592,75.70236375818614,14796.889,75.03570620013892,12.0
287,133.9925599226037,75.80783836177814,14827.771999999997,75.03570620013892,12.0
288,135.68545611331615,76.99421209416552,15146.576,75.03570620013892,12.0
289,134.7513674062314,76.02963934858109,14700.983999999997,75.03570620013892,12.0
290,134.04911016471522,75.48730910498114,14808.954,75.03570620013892,11.0
291,134.38684003224847,76.1972702168089,14921.521,75.03570620013892,8.0
292,133.89903712145266,75.23263966411986,14747.773,75.03570620013892,8.0
293,133.62192520440564,75.5271078155388,14769.681,75.03570620013892,13.0
294,133.94711212889462,75.71735741020045,14842.150999999998,75.03570620013892,11.0
295,133.88742504663622,75.82740110091288,14825.735999999999,75.03570620013892,12.0
296,133.817417835384,75.41778633161343,14791.831,75.03570620013892,10.0
297,134.10220673546337,75.59348873834095,14883.968,75.03570620013892,15.0
298,134.02835534381822,75.62715625868229,14799.075,75.03570620013892,13.0
299,134.5456318833102,76.15622887824965,14715.106999999998,75.03570620013892,13.0
300,134.91888663673348,76.0692822286168,15065.328,75.03570620013892,19.0
301,134.91327163127605,76.67695133707085,14827.033,75.03570620013892,15.0
302,134.34181009128795,75.92536311024013,14851.417999999998,75.03570620013892,14.0
303,134.88675365747173,76.10255698650526,14688.712999999998,75.03570620013892,11.0
304,134.01702819507838,75.51596813355825,14806.479,75.03570620013892,11.0
305,133.91821099374874,75.78565362026195,14852.439999999999,75.03570620013892,8.0
306,133.90791507491565,75.56798518059138,14796.723,75.03570620013892,11.0
307,134.7821998372693,76.17440476632267,14821.643999999998,75.03570620013892,14.0
308,134.19999090494147,76.04576123486804,14785.702,75.03570620013892,12.0
309,134.93825758979958,76.35467502877556,14785.432999999999,75.03570620013892,15.0
310,134.72553935896798,76.87569413594642,14921.097,75.03570620013892,12.0
311,134.0406215087319,75.46330604038499,14723.622,75.03570620013892,11.0
312,134.10326832704902,75.59215482635442,14778.043,75.03570620013892,13.0
313,133.87152656727525,75.95701269249852,14915.928,75.03570620013892,14.0
314,137.10859387527287,77.70942984917643,15167.233999999999,75.03570620013892,17.0
315,135.69507630085337,76.86893436743402,14925.612,75.03570620013892,12.0
316,134.42721995981347,76.32936953165311,14866.501,75.03570620013892,12.0
317,133.93783197211746,75.91763049265727,14851.626,75.03570620013892,21.0
318,134.5060399305418,76.10756881027982,14845.646999999999,75.03570620013892,9.0
319,134.07076479063306,75.75147787110538,14844.472999999998,75.03570620013892,10.0
320,134.0545279485017,75.38100295594364,14708.752999999999,75.03570620013892,9.0
321,134.53338853195078,76.04511701924984,14844.794999999998,75.03570620013892,9.0
322,133.96269243947214,75.24904886882317,14709.796999999999,75.03570620013892,10.0
323,133.26555996279023,75.30186266918041,14750.533999999998,75.03570620013892,9.0
324,134.26494624379833,75.51462414963287,14685.715,75.03570620013892,15.0
325,134.07822153205,75.59910225193491,14690.151,75.03570620013892,10.0
326,134.9888694542568,76.45183983528479,14789.302,75.03570620013892,12.0
327,134.12806608404446,75.71476701924985,14738.497000000001,75.03570620013892,8.0
328,134.18817990672753,75.90125277584838,14842.694000000001,75.03570620013892,13.0
329,134.23102162780313,75.49265710309585,14730.987,75.03570620013892,11.0
330,134.23154979311371,76.06051348184162,14906.863,75.03570620013892,15.0
331,135.7023333974995,76.67367012105575,14637.476999999999,75.03570620013892,16.0
332,134.38043453264535,76.42975687983729,14921.565,75.03570620013892,18.0
333,134.05223227674142,75.8262702282199,14841.922999999999,75.03570620013892,8.0
334,134.06296566779125,75.5054730422703,14812.341999999999,75.03570620013892,12.0
335,135.38894005854337,76.45450873536416,14811.373,75.03570620013892,7.0
336,134.90958644225046,76.18339212939074,14683.471999999998,75.03570620013892,8.0
337,135.51432656727525,76.45325613266522,14803.807,75.03570620013892,17.0
338,135.1591072876563,76.49164445971424,14879.515999999998,75.03570620013892,12.0
339,134.3621661912086,75.96649649484026,14747.225,75.03570620013892,8.0
340,134.7643477257392,75.74283517761461,14697.943999999998,75.03570620013892,11.0
341,134.31134228864852,75.76437900724349,14787.793,75.03570620013892,10.0
342,134.87117930095258,76.5005724603096,14787.171,75.03570620013892,16.0
343,134.16782436098433,74.31316103244691,14614.622999999998,75.03570620013892,8.0
344,135.33357385741218,75.8358992409208,14878.554999999998,74.31316103244691,12.0
345,135.16386526394126,76.1990427976781,14892.345,74.31316103244691,14.0
346,133.9352018143481,74.37233675778926,14684.379,74.31316103244691,12.0
347,135.03110862175035,75.61598637179998,14754.600999999999,74.31316103244691,10.0
348,139.30216823576106,78.91201642935106,14910.060000000001,74.31316103244691,14.0
349,134.14851015181583,74.5836642816035,14650.614999999998,74.31316103244691,8.0
350,135.91434440762055,76.30021794899781,14848.234999999999,74.31316103244691,17.0
351,135.0243893242707,75.02650527684064,14595.317999999997,74.31316103244691,11.0
352,134.92726073179202,75.32593413722962,14678.572,74.31316103244691,15.0
353,135.8822671527089,76.13212273665407,14786.611,74.31316103244691,11.0
354,134.9209437214725,75.1152621006152,14745.057,74.31316103244691,16.0
355,137.33573219190313,77.70752176374279,14786.014,74.31316103244691,15.0
356,134.4355207382417,74.82388113464974,14647.332,74.31316103244691,12.0
357,136.7550324880929,77.6226933826156,14949.423999999999,74.31316103244691,18.0
358,134.40460471819804,74.5449304271681,14567.510999999999,74.31316103244691,12.0
359,134.59581655239134,75.32163807104585,14756.965,74.31316103244691,12.0
360,136.79735084887875,77.2377400853344,14822.184,74.31316103244691,8.0
361,138.15110913623735,78.64106345604287,15104.071000000002,74.31316103244691,10.0
362,134.58166346596548,75.13951562710855,14696.444,74.31316103244691,14.0
363,134.03590438182178,74.50717475540782,14638.443000000001,74.31316103244691,12.0
364,134.0520106891248,74.62337990821592,14696.265,74.31316103244691,15.0
365,134.56294030412778,74.905771314745,14735.873000000001,74.31316103244691,13.0
366,134.20138971472514,74.41937528974003,14551.770999999999,74.31316103244691,13.0
367,133.61033679599126,74.56136396308791,14675.117,74.31316103244691,14.0
368,134.47250176969638,75.06556444334193,14739.072999999999,74.31316103244691,10.0
369,136.40748945772972,76.89178824915658,14787.692,74.31316103244691,9.0
370,134.16795123387575,74.53350049216114,14681.982999999998,74.31316103244691,11.0
371,134.29381640156777,75.14507641099424,14709.655999999999,74.31316103244691,14.0
372,134.7713035324469,74.66871540335384,14727.368,74.31316103244691,14.0
373,135.0499004326255,74.77320421065689,14564.572999999999,74.31316103244691,15.0
374,135.28197413474896,75.90302032347688,14825.899,74.31316103244691,14.0
375,134.62974760369121,75.25167480502084,14769.672999999999,74.31316103244691,12.0
376,136.3260806856519,76.59350686892242,15152.199,74.31316103244691,13.0
377,134.39943865449496,74.62278621105378,14657.533,74.31316103244691,11.0
378,135.7097369046438,76.09307822583845,14689.295,74.31316103244691,20.0
379,134.1476301235364,74.37279746328636,14603.373,74.31316103244691,10.0
380,135.77584787358603,75.82216536763248,14855.536999999998,74.31316103244691,12.0
381,136.54964903453066,76.90108056112325,15177.811,74.31316103244691,14.0
382,135.14168921363367,76.05916321889264,14856.297999999999,74.31316103244691,8.0
383,135.83794170668784,76.11822310924786,14818.999999999998,74.31316103244691,8.0
384,134.51289081018055,75.24694108057153,14687.921000000002,74.31316103244691,11.0
385,134.79672725788848,75.27435537904346,14741.368,74.31316103244691,10.0
386,134.68230326800952,74.69853910696565,14694.547,74.31316103244691,14.0
387,135.34834630134947,75.36048578636634,14700.785000000002,74.31316103244691,17.0
388,134.61313593371702,75.01859107461799,14703.847,74.31316103244691,7.0
389,134.16782436098433,74.22752896259179,14597.362999999998,74.31316103244691,3.0
390,135.81779386783091,75.45345380234174,14671.376999999997,74.22752896259179,6.0
391,134.30115521085534,74.78991881722564,14700.883,74.22752896259179,5.0
392,134.84120474598134,75.44924902560032,14743.475,74.22752896259179,12.0
393,133.41371728616787,73.93654797876563,14561.086,74.22752896259179,12.0
394,132.8744472191903,74.60558068416351,14722.881000000001,73.93654797876563,13.0
395,136.03423169577297,76.48791159456242,14944.058,73.93654797876563,10.0
396,134.63524779817425,75.50946284084146,14685.443000000001,73.93654797876563,14.0
397,134.52072767215716,75.90891717156181,14825.486,73.93654797876563,8.0
398,133.37057469835284,73.91704512601706,14554.576000000001,73.93654797876563,5.0
399,134.24012875421712,75.18886505804721,14786.15,73.91704512601706,15.0
400,133.50886230551697,73.93935117434016,14559.211000000001,73.91704512601706,8.0
401,134.66428364308393,74.92954284580274,14508.115999999998,73.91704512601706,12.0
402,133.84844555020837,74.51172686495336,14726.368,73.91704512601706,10.0
403,136.2464978170272,77.52019570202421,14801.826000000001,73.91704512601706,13.0
404,133.65142009426475,74.54588432377454,14596.102,73.91704512601706,13.0
405,135.14363521581663,76.130358982437,14738.716999999999,73.91704512601706,13.0
406,135.70088147003372,75.54623219884897,14694.940999999999,73.91704512601706,16.0
407,134.07465539343124,75.09055362968842,14761.111,73.91704512601706,14.0
408,135.30323991168882,76.67308094909704,15078.445999999998,73.91704512601706,9.0
409,133.87816763891644,74.36001730849374,14731.736,73.91704512601706,13.0
410,134.51798222960906,75.39257061718594,14789.295,73.91704512601706,14.0
411,133.29470420668784,74.32810529867037,14655.292999999998,73.91704512601706,13.0
412,134.5564918014487,75.66306751091486,14846.754999999997,73.91704512601706,15.0
413,133.7640994428458,74.47966581960705,14654.019999999997,73.91704512601706,12.0
414,134.7636888623735,75.52102615945626,14835.771,73.91704512601706,13.0
415,133.01403677416153,75.13667229906729,14743.116,73.91704512601706,9.0
416,133.0433802123437,73.7782599474102,14519.354000000001,73.91704512601706,9.0
417,133.55588052044055,74.87994307104584,14750.924000000003,73.7782599474102,23.0
418,133.75802835979363,74.59622268505656,14660.847,73.7782599474102,11.0
419,137.10509923943243,77.61752126711649,14838.217999999999,73.7782599474102,10.0
420,133.56773689273666,74.34742774558444,14615.749,73.7782599474102,10.0
421,134.51394503274457,75.5618533662433,14688.563000000002,73.7782599474102,17.0
422,133.44471360041675,74.12725610041674,14549.335,73.7782599474102,11.0
423,133.86445722167096,74.60706889511806,14613.394,73.7782599474102,11.0
424,133.39369347241515,74.61506671462591,14671.426,73.7782599474102,10.0
425,133.85792124826355,75.12536632417145,14686.398,73.7782599474102,11.0
426,133.34101043212937,73.93155342180988,14498.602,73.7782599474102,7.0
427,133.53458687785275,74.53206043461005,14580.301000000001,73.7782599474102,10.0
428,132.18123028428258,74.26447230353243,14637.194,73.7782599474102,7.0
429,135.44209190067474,76.38303159456241,14922.369,73.7782599474102,10.0
430,133.5928287016273,74.64261855675728,14664.41,73.7782599474102,10.0
431,132.8138500014884,73.72030221968645,14531.976999999999,73.7782599474102,12.0
432,132.85540533786468,74.01968272921214,14672.784000000001,73.72030221968645,9.0
433,133.26323723605876,74.3439479966263,14540.655999999999,73.72030221968645,18.0
434,134.60630580769993,75.59810451974597,14757.115999999998,73.72030221968645,12.0
435,133.88829142438976,74.74463929896805,14647.873,73.72030221968645,10.0
436,132.7466785304624,73.54234146011115,14524.449000000002,73.72030221968645,15.0
437,133.9742521153178,74.64148019351957,14539.563,73.54234146011115,12.0
438,134.31318118525502,75.15639673992855,14587.761000000002,73.54234146011115,6.0
439,133.0581744870014,73.73514317672159,14523.449000000002,73.54234146011115,13.0
440,133.97910762204802,74.79238145812663,14606.836000000001,73.54234146011115,9.0
441,134.30198074320305,75.29233720033736,14729.051,73.54234146011115,16.0
442,133.1156538082953,73.90580367979759,14595.039000000002,73.54234146011115,7.0
443,132.7546850297678,73.49518413722961,14605.449,73.54234146011115,8.0
444,132.90011394721174,73.45169605725343,14559.997000000001,73.49518413722961,8.0
445,133.71724188678309,74.20456243451082,14592.021999999999,73.45169605725343,7.0
446,134.3490670743203,74.87166985413774,14705.031,73.45169605725343,11.0
447,133.74255138490545,74.49714335334689,14927.538999999999,73.45169605725343,11.0
448,132.80804873238736,73.83423036812862,14684.902000000002,73.45169605725343,13.0
449,132.61237231345507,73.57575555566581,14648.737999999998,73.45169605725343,13.0
450,134.06651246775152,74.66137334044453,14763.150000000001,73.45169605725343,15.0
451,133.49564667245485,74.46267039839255,14659.518,73.45169605725343,15.0
452,133.6252787834888,74.51988498065093,14701.619,73.45169605725343,15.0
453,132.75205759674537,73.75927477326852,14622.896999999999,73.45169605725343,7.0
454,136.21838189968247,76.48727368277436,15126.799,73.45169605725343,19.0
455,133.52833253820202,74.76872411788054,14702.673,73.45169605725343,14.0
456,132.66229809882913,73.50377292865647,14561.079,73.45169605725343,6.0
457,133.43793134649732,73.86974250000002,14599.592,73.45169605725343,13.0
458,132.66040031256202,73.87940983181187,14708.055,73.45169605725343,11.0
459,133.08845282992658,73.82564764487002,14651.364,73.45169605725343,9.0
460,137.88671214873983,78.36242285622147,14940.488,73.45169605725343,9.0
461,132.67720162780316,73.74342412333795,14502.647,73.45169605725343,12.0
462,133.73008455894026,74.35012519646754,14675.947000000002,73.45169605725343,8.0
463,133.25499405884102,74.40046894919627,14742.456,73.45169605725343,12.0
464,133.20529252232586,73.72561718892638,14633.525,73.45169605725343,12.0
465,133.7124651478468,74.30743206191704,14752.646999999999,73.45169605725343,9.0
466,133.2371644086128,74.17628814397698,14696.177,73.45169605725343,8.0
467,133.4145742900377,74.11281377009327,14587.523,73.45169605725343,10.0
468,133.18118307997617,73.77657055913872,14581.038,73.45169605725343,11.0
469,133.38649150476286,74.36122854881921,14659.791000000001,73.45169605725343,16.0
470,136.46094846249255,76.85900411341535,15006.518000000002,73.45169605725343,15.0
471,133.66277510766025,74.03567703562213,14622.598,73.45169605725343,8.0
472,133.06771688926372,73.65963848134551,14588.157000000001,73.45169605725343,6.0
473,133.841234569359,74.43385021780115,14612.317000000001,73.45169605725343,9.0
474,133.3594984927565,74.18386001835682,14653.237,73.45169605725343,11.0
475,133.29891698005557,74.33623268406431,14656.601999999999,73.45169605725343,13.0
476,133.1631046154991,73.7288407819012,14652.275,73.45169605725343,10.0
477,137.18070152956935,77.54305981097441,15020.159,73.45169605725343,16.0
478,132.95312034431433,73.53958536763247,14567.028,73.45169605725343,5.0
479,134.06245167791226,74.94030707134353,14806.197,73.45169605725343,9.0
480,134.54168565538797,74.45218211401071,14530.505,73.45169605725343,15.0
481,133.52969728021432,74.95506939273666,14775.604,73.45169605725343,13.0
482,133.76464152460807,74.64424881027983,14713.267999999998,73.45169605725343,6.0
483,134.5120977346696,75.13938859644773,14763.47,73.45169605725343,5.0
484,133.9679247697956,74.39426735959516,14671.847000000002,73.45169605725343,12.0
485,133.08119973308197,74.07930304971225,14676.957,73.45169605725343,18.0
486,132.7923102153205,73.54963252182972,14634.205999999998,73.45169605725343,15.0
487,133.46112646656084,74.11211388866839,14744.625,73.45169605725343,15.0
488,133.93786551696766,74.72335518108751,14742.892,73.45169605725343,13.0
489,133.10788712740623,74.32201670519946,14752.615999999998,73.45169605725343,18.0
490,132.53397363018456,73.25961687289144,14548.686,73.45169605725343,8.0
491,133.67999973010518,74.33735524806508,14777.413999999997,73.25961687289144,14.0
492,134.7522544081167,75.90326556261164,14836.451000000001,73.25961687289144,15.0
493,132.85872123536416,73.96494657868625,14661.493,73.25961687289144,10.0
494,136.80474629093072,77.43740692101606,14893.418,73.25961687289144,12.0
495,133.11897030115102,74.09869504316332,14898.225999999997,73.25961687289144,10.0
496,132.4911420777932,73.69628836525102,14621.929999999998,73.25961687289144,7.0
497,132.65587425034732,74.50380699245883,14755.731,73.25961687289144,14.0
498,133.7604707908315,74.90593315786862,14969.885999999999,73.25961687289144,11.0
499,132.8209750617774,74.16676875105443,14705.155000000002,73.25961687289144,14.0
500,134.95119177267313,75.41232425878151,14688.812,73.25961687289144,13.0
501,132.1130541699742,73.5890972782298,14591.988,73.25961687289144,13.0
502,133.3984680834491,74.87641805219289,14840.454,73.25961687289144,13.0
503,132.60534042667194,73.44679678458029,14480.025,73.25961687289144,15.0
504,132.7869154207184,73.80201204554474,14661.766000000001,73.25961687289144,12.0
505,132.5755568426275,73.27036655189522,14594.377999999999,73.25961687289144,13.0
506,133.9736430273864,74.88322787358604,14698.909,73.25961687289144,11.0
507,132.89694469289543,74.04183666054774,14742.009999999998,73.25961687289144,19.0
508,132.98944057203812,73.98184976136137,14897.717999999999,73.25961687289144,12.0
509,136.21325350615203,78.30699287408216,15117.557,73.25961687289144,14.0
510,132.71151664467155,73.90779910646954,14686.645999999999,73.25961687289144,10.0
511,134.5510620068466,74.64910355080373,14837.849,73.25961687289144,11.0
512,133.80837077495534,74.88518801200634,14768.035,73.25961687289144,14.0
513,132.486900106668,73.51282588311173,14620.578000000001,73.25961687289144,14.0
514,133.27133935751138,73.94747100069458,14646.276,73.25961687289144,8.0
515,135.4966403631673,76.33739086028973,15037.490999999998,73.25961687289144,13.0
516,132.62052344612027,73.45806987398292,14581.304999999997,73.25961687289144,8.0
517,132.45439773814252,73.95413325709465,14695.110999999999,73.25961687289144,4.0
518,133.3060941079579,73.83236044800556,14621.675,73.25961687289144,16.0
519,132.6521450218297,73.78022156132168,14664.922,73.25961687289144,13.0
520,133.45393582109546,74.36776424538598,14659.592,73.25961687289144,7.0
521,134.42662360736256,75.65645381375272,14788.351000000002,73.25961687289144,12.0
522,132.94360076701724,73.74135951230403,14619.014,73.25961687289144,16.0
523,132.660834485513,73.53480558592975,14636.725999999999,73.25961687289144,6.0
524,133.32335933171265,75.19978792319905,14718.413,73.25961687289144,17.0
525,132.988171913078,73.852362214229,14631.801,73.25961687289144,16.0
526,133.5155565583449,74.78450412631473,14785.432999999999,73.25961687289144,14.0
527,133.48425304623933,74.48523465072435,14656.162,73.25961687289144,15.0
528,133.1989645936694,74.2863363068069,14672.405999999999,73.25961687289144,18.0
529,132.29871174290534,73.48645562065887,14608.186,73.25961687289144,10.0
530,132.6034203269498,73.18051937437983,14537.776,73.25961687289144,5.0
531,133.44524216808892,74.33600875372098,14746.053999999998,73.18051937437983,17.0
532,133.57270753175231,74.6028809977178,15009.086999999998,73.18051937437983,10.0
533,133.77072091486406,75.24887094959318,15132.001,73.18051937437983,15.0
534,132.8443853269498,73.52197360736257,14586.750999999998,73.18051937437983,10.0
535,132.97436547281208,73.59580710210359,14562.019999999999,73.18051937437983,13.0
536,132.89543897648343,73.55369283637626,14605.286,73.18051937437983,7.0
537,133.2089041382219,74.0433906558841,14559.826,73.18051937437983,7.0
538,133.60454059089105,74.36631134897797,14638.994,73.18051937437983,13.0
539,134.34230436148044,74.77667708027384,14838.185,73.18051937437983,10.0
540,133.14868200386982,74.02685997122444,14779.684,73.18051937437983,10.0
541,133.30680223953166,74.09076989035523,14704.220999999998,73.18051937437983,9.0
542,132.72197310474866,73.30420317322483,14576.225999999999,73.18051937437983,13.0
543,133.36979847588808,73.75627547529271,14947.786,73.18051937437983,12.0
544,132.6542954485017,73.33034313653502,14581.05,73.18051937437983,11.0
545,133.13176845554673,73.46014381027982,14593.322,73.18051937437983,7.0
546,133.30151614209169,74.51906668039294,14799.512999999999,73.18051937437983,15.0
547,132.66837910795792,73.30389140504067,14518.901,73.18051937437983,7.0
548,132.95973148491765,73.42638676473507,14586.074,73.18051937437983,7.0
549,132.43745329777735,72.96066105229211,14484.822,73.18051937437983,6.0
550,132.2528041094463,73.05569956489381,14529.427000000003,72.96066105229211,6.0
551,132.79362040781905,74.15954710210359,14712.834,72.96066105229211,17.0
552,134.6290956608454,75.58984139114902,14687.414999999999,72.96066105229211,19.0
553,133.6783064397698,75.37159748908515,14785.237,72.96066105229211,15.0
554,133.82676007541178,74.82508327644375,14814.555999999999,72.96066105229211,13.0
555,131.43671574171464,72.93245185999206,14501.848,72.96066105229211,10.0
556,132.59351805665807,74.14168714179401,14629.885999999999,72.93245185999206,7.0
557,132.10156018803335,73.6464462492558,14511.359999999999,72.93245185999206,9.0
558,132.33714269448302,73.58886358652511,14485.614,72.93245185999206,10.0
559,131.2776010041675,72.80882594165509,14497.949999999999,72.93245185999206,13.0
560,133.39637603939275,74.76340171809883,14843.473999999998,72.80882594165509,14.0
561,132.50246718446118,73.89537438529472,14665.535999999998,72.80882594165509,11.0
562,132.1655942508434,73.52326248065093,14579.714,72.80882594165509,11.0
563,132.65436056757292,74.12263862026195,14771.371999999998,72.80882594165509,9.0
564,131.7360757114507,73.51712427118476,14628.930999999999,72.80882594165509,9.0
565,131.63573114506846,72.96502712889462,14503.519,72.80882594165509,15.0
566,133.32543550952568,73.85870196765231,14733.149999999998,72.80882594165509,8.0
567,131.50223993153404,73.05151646606468,14532.136999999999,72.80882594165509,12.0
568,132.3528826433816,74.31516490871203,14714.273999999998,72.80882594165509,10.0
569,132.00294568664418,73.91243526195673,14859.597999999998,72.80882594165509,11.0
570,131.51187268505657,73.03299324171462,14536.746,72.80882594165509,6.0
571,132.46426321790037,73.62075051895218,14626.178999999998,72.80882594165509,15.0
572,132.0532094215122,73.5420558449097,14569.604,72.80882594165509,11.0
573,132.49444171958723,73.83751039690414,14639.314,72.80882594165509,13.0
574,132.0158104668585,73.43179224300457,14531.204999999998,72.80882594165509,8.0
575,131.53954734818416,73.5026453219885,14583.792,72.80882594165509,9.0
576,131.16796057451876,73.0005566421909,14555.59,72.80882594165509,9.0
577,132.59205468843027,74.40397532149235,14668.118999999999,72.80882594165509,16.0
578,133.07750541972612,74.45891921909109,14695.239999999998,72.80882594165509,12.0
579,132.4530954822385,73.71086853443144,14799.59,72.80882594165509,9.0
580,131.57240851061718,73.32070966064695,14607.207,72.80882594165509,16.0
581,131.6312811718595,73.29650002579878,14577.292000000001,72.80882594165509,9.0
582,131.9190936981544,73.40017519448303,14611.815999999999,72.80882594165509,11.0
583,131.68415663623736,73.49961126612423,14651.509999999998,72.80882594165509,14.0
584,132.86557585036715,74.18076662829927,14507.971000000001,72.80882594165509,10.0
585,131.83530482188925,73.47822733280412,14655.901999999998,72.80882594165509,13.0
586,131.680097025552,73.6527876968494,14611.249999999998,72.80882594165509,10.0
587,131.59139367781307,73.49675650724352,14654.887999999999,72.80882594165509,13.0
588,131.64178321194683,73.22036990424687,14547.251,72.80882594165509,5.0
589,131.49912828289342,73.03842945872198,14542.757,72.80882594165509,13.0
590,131.8691415896011,73.51963434907721,14727.299999999997,72.80882594165509,10.0
591,131.37822885691605,73.28969474498906,14639.093,72.80882594165509,9.0
592,131.68074996824765,73.25488753472912,14577.15,72.80882594165509,8.0
593,131.8487373521532,73.6292177892439,14573.96,72.80882594165509,10.0
594,131.17697232685057,73.05572503274459,14548.138999999997,72.80882594165509,10.0
595,131.7911032332804,73.76664723308197,14684.396999999999,72.80882594165509,5.0
596,132.17430954207185,74.22313014883908,14745.263999999997,72.80882594165509,11.0
597,132.138697202818,74.67837376562811,14626.346,72.80882594165509,17.0
598,131.21732792319904,73.02930140900972,14543.738999999998,72.80882594165509,13.0
599,131.48213768852946,73.86961851458624,14566.359999999999,72.80882594165509,11.0
600,132.9319671239333,74.5526979207184,14609.889,72.80882594165509,16.0
601,131.28795643679302,72.86574763742807,14513.039999999999,72.80882594165509,10.0
602,131.56687848233778,72.9966788167295,14555.945,72.80882594165509,7.0
603,131.9800604847192,73.4623776265132,14658.029999999999,72.80882594165509,10.0
604,131.58515121204604,73.12388292915261,14568.202000000001,72.80882594165509,13.0
605,133.51535632367535,75.65463069954357,14684.856000000002,72.80882594165509,12.0
606,133.04704991466562,74.83913981990474,14744.993000000002,72.80882594165509,19.0
607,131.05103434957334,73.17601963881724,14661.319,72.80882594165509,15.0
608,132.18979750545745,73.4898822023219,14620.273000000001,72.80882594165509,11.0
609,132.0051761306807,73.4216946517166,14561.991,72.80882594165509,7.0
610,132.24091362869618,74.07183486306806,14627.612000000001,72.80882594165509,13.0
611,131.79372138469935,73.40320852947015,14568.096999999998,72.80882594165509,19.0
612,132.1198147782298,73.97307814993053,14731.767999999998,72.80882594165509,8.0
613,131.45437940265927,73.25576648442153,14583.667,72.80882594165509,13.0
614,132.0241422697956,73.69244841833698,14599.955999999998,72.80882594165509,11.0
615,131.27418380234172,73.03929136038897,14509.884,72.80882594165509,12.0
616,132.09523127158167,73.79336814348086,14503.474,72.80882594165509,13.0
617,133.0815040757095,74.32138741218495,14758.716999999999,72.80882594165509,7.0
618,131.99331917047033,73.46669610686645,14565.443000000001,72.80882594165509,10.0
619,132.35596268803334,74.12479293163327,14645.969,72.80882594165509,17.0
620,131.3311509619964,73.24771593967057,14595.465,72.80882594165509,12.0
621,132.97583927019252,75.20018888420323,14726.985,72.80882594165509,16.0
622,132.04078622097637,73.35424925927764,14546.111,72.80882594165509,14.0
623,131.98534747618575,73.74451014883907,14682.899999999998,72.80882594165509,11.0
624,132.54666895415755,74.46376579380829,14750.143999999998,72.80882594165509,14.0
625,132.49099453562218,74.12398059039492,14675.103,72.80882594165509,12.0
626,132.64356612472713,74.30653646556858,15061.542999999998,72.80882594165509,11.0
627,131.47634273218893,74.36608189521732,14624.748,72.80882594165509,17.0
628,131.45332888172257,74.76079380383011,14718.925,72.80882594165509,12.0
629,131.49525517513396,73.22008425431633,14520.833,72.80882594165509,12.0
630,131.43181935850367,73.1143640022822,14528.449999999999,72.80882594165509,5.0
631,131.70520753820202,73.75573980551697,14575.649,72.80882594165509,10.0
632,131.67011216064694,73.39066579182378,14627.717999999997,72.80882594165509,7.0
633,131.13019416166327,72.86899457698605,14528.953,72.80882594165509,7.0
634,131.57959928309188,73.28567568416352,14637.137999999999,72.80882594165509,14.0
635,131.24237148045245,73.15746106618377,14606.758999999998,72.80882594165509,11.0
636,131.56302837318913,73.9490328304227,14732.420000000002,72.80882594165509,10.0
637,132.14921587864654,73.63940171412979,14655.492,72.80882594165509,14.0
638,131.70358841982537,73.58119786812858,14601.115000000002,72.80882594165509,10.0
639,132.0149722633459,75.00386283885693,14857.938999999998,72.80882594165509,13.0
640,132.19877860885094,74.35103821293907,14617.581999999999,72.80882594165509,16.0
641,131.86019011660795,73.78330320845531,14630.558,72.80882594165509,15.0
642,132.09841765181585,74.23875608850963,14604.319,72.80882594165509,11.0
643,131.44338979559438,73.16183074369916,14541.387,72.80882594165509,12.0
644,131.96021811718595,73.69478850466363,14501.233999999997,72.80882594165509,7.0
645,133.79359223853936,75.97620314248857,15006.826000000001,72.80882594165509,18.0
646,131.46090661291925,73.44699659803533,14554.963,72.80882594165509,14.0
647,131.63318130978368,73.21722898392538,14586.239,72.80882594165509,16.0
648,131.89056903750745,73.44719014933519,14630.53,72.80882594165509,12.0
649,131.87650295296686,73.67618711897202,14591.812999999998,72.80882594165509,15.0
650,131.40341212889462,72.91271715717404,14527.814999999999,72.80882594165509,12.0
651,131.46727709863066,73.44997295594364,14588.466000000002,72.80882594165509,12.0
652,131.8646846269101,73.66437847191902,14608.42,72.80882594165509,6.0
653,132.5237204946418,74.66048798620758,14712.592,72.80882594165509,12.0
654,132.28168884699346,73.8837649394721,14621.279999999997,72.80882594165509,16.0
655,132.98154353492757,74.25923139908713,14796.855000000001,72.80882594165509,9.0
656,132.495678708077,73.88544126215518,14819.33,72.80882594165509,9.0
657,131.49538130283784,73.23579684560428,14494.951,72.80882594165509,12.0
658,132.31965607610638,74.1078735468347,14695.050000000001,72.80882594165509,10.0
659,131.4599633662433,73.46549615499106,14640.270999999999,72.80882594165509,11.0
660,131.7380596730502,73.88558581117285,14731.354,72.80882594165509,14.0
661,131.5394928403453,72.89877043461004,14506.028,72.80882594165509,18.0
662,130.6800096993451,73.73075728517564,14667.051,72.80882594165509,10.0
663,131.56686996923992,73.2256612343719,14617.866,72.80882594165509,9.0
664,133.00131979857113,74.33969147846797,14708.606,72.80882594165509,10.0
665,131.71880354435402,73.21862840246081,14537.2,72.80882594165509,7.0
666,131.34138527187935,73.00596614804526,14522.415,72.80882594165509,8.0
667,131.27941622891447,72.97575924836276,14576.135,72.80882594165509,13.0
668,131.82999618227825,73.43241056261161,14516.035999999998,72.80882594165509,10.0
669,131.98778701081565,73.56744931434808,14522.035,72.80882594165509,9.0
670,131.50192793461005,73.03505065786862,14500.750000000002,72.80882594165509,15.0
671,131.21008284084144,72.65143324469142,14491.8,72.80882594165509,12.0
672,131.4885994363961,73.63217577743602,14635.635,72.65143324469142,14.0
673,131.2777288494741,73.0122021269101,14564.650000000003,72.65143324469142,12.0
674,131.9796119790633,73.91553718446123,14793.922,72.65143324469142,13.0
675,131.90134160001983,72.81980835880135,14491.782999999998,72.65143324469142,12.0
676,131.3604683037309,72.92700852103592,14504.185000000001,72.65143324469142,13.0
677,131.87161887824968,73.61841103591983,14582.142,72.65143324469142,13.0
678,131.52118278378646,72.63145964625917,14461.72,72.65143324469142,12.0
679,131.7359634878182,72.81051162506823,14571.125,72.63145964625917,9.0
680,132.041427823973,72.9239176825759,14517.082999999999,72.63145964625917,8.0
681,131.63352866144075,72.94981065290732,14514.124999999998,72.63145964625917,8.0
682,131.44958111579678,72.69925813703115,14519.678,72.63145964625917,13.0
683,131.8952080179599,73.3437643128597,14471.764000000001,72.63145964625917,8.0
684,132.92481900277832,74.63248677019249,14770.463,72.63145964625917,12.0
685,132.27951350466364,73.70426192051993,14515.337,72.63145964625917,12.0
686,136.3077036311768,76.99920069607063,14801.15,72.63145964625917,8.0
687,132.10467604931534,73.88265877257392,14607.106999999998,72.63145964625917,10.0
688,134.5314405095257,75.66481983429252,14705.339999999998,72.63145964625917,12.0
689,132.96671191555865,73.99227395564596,14624.969,72.63145964625917,16.0
690,132.00058198848978,73.2719716104386,14503.705999999998,72.63145964625917,16.0
691,131.92288206538996,73.52890916600515,14689.121000000001,72.63145964625917,14.0
692,132.76754082407226,73.79627142290136,14658.694,72.63145964625917,17.0
693,131.71010862820003,73.00260743996824,14534.444,72.63145964625917,10.0
694,131.8985537512403,73.47574269448303,14647.27,72.63145964625917,11.0
695,132.50592829827346,74.18088764735067,14690.399,72.63145964625917,15.0
696,134.81270278676323,75.88761786763247,14700.801000000001,72.63145964625917,15.0
697,131.889166733975,72.99871211996428,14503.884,72.63145964625917,9.0
698,132.4047882079778,73.7569312046041,14652.969999999998,72.63145964625917,14.0
699,131.70157118723955,72.83886517066878,14677.538,72.63145964625917,13.0
700,131.74228562165112,73.07508885344313,14541.869999999999,72.63145964625917,7.0
701,131.9070415791824,73.12677655239135,14554.355,72.63145964625917,11.0
702,132.1581165846398,73.08539640404841,14417.116,72.63145964625917,11.0
703,131.5767552053979,72.7548896482437,14485.499,72.63145964625917,8.0
704,132.72152003820202,74.03389728319111,14708.488,72.63145964625917,12.0
705,131.62373510914864,74.35072846844612,14681.672,72.63145964625917,16.0
706,131.69333568614803,73.09000766173844,14538.775,72.63145964625917,12.0
707,132.72246180591387,73.87881433320103,14776.423999999999,72.63145964625917,11.0
708,131.95864915062515,73.08900070648937,14514.277,72.63145964625917,10.0
709,132.3420688246676,73.35363901170868,14514.377999999999,72.63145964625917,13.0
710,130.6803251007144,72.9345836277039,14522.276,72.63145964625917,9.0
711,131.38716699493946,72.43165203363762,14448.458999999999,72.63145964625917,8.0
712,131.90841390007938,73.31388947360587,14517.962,72.43165203363762,9.0
713,135.1097806588609,75.50665614308394,15061.774,72.43165203363762,17.0
714,131.5679355740226,72.49802940712443,14452.0,72.43165203363762,11.0
715,131.83464932327843,73.28176683865847,14653.652,72.43165203363762,13.0
716,131.6223612492558,73.16380367930145,14531.771999999999,72.43165203363762,13.0
717,131.7379275377059,73.07986761212541,14596.769999999997,72.43165203363762,11.0
718,134.3091624092082,76.06718432873585,14919.579,72.43165203363762,18.0
719,131.66165793461005,72.94148137477676,14519.136,72.43165203363762,10.0
720,131.81174088162334,72.96565661391149,14510.427000000001,72.43165203363762,8.0
721,131.38459702024213,72.65247307948006,14531.313,72.43165203363762,11.0
722,133.2939869105973,75.50490196219488,14583.248000000001,72.43165203363762,18.0
723,131.63663042816034,72.60175354137725,14470.491,72.43165203363762,6.0
724,132.1760021546934,73.4866789134749,14633.634999999998,72.43165203363762,13.0
725,131.84602725243104,73.16108997271283,14586.445999999998,72.43165203363762,8.0
726,132.65533313653503,73.77272257640406,14643.573,72.43165203363762,12.0
727,131.90756695524905,73.28284561371304,14575.019,72.43165203363762,11.0
728,132.97803596695772,73.63017374925582,14622.149,72.43165203363762,11.0
729,136.13973787011315,77.0208501627307,14804.736,72.43165203363762,11.0
730,132.10371117979759,73.58891088311174,14686.662999999999,72.43165203363762,22.0
731,132.03401022276245,73.0285434783687,14468.648,72.43165203363762,10.0
732,131.279966772177,72.29632708473903,14445.699,72.43165203363762,8.0
733,131.24462656578686,72.22654453363762,14430.359,72.29632708473903,5.0
734,131.39024825262948,72.2827189085136,14430.988,72.22654453363762,9.0
735,132.5921250213336,73.41183872990672,14940.489,72.22654453363762,7.0
736,131.96295831414963,73.42977068019448,14647.429,72.22654453363762,11.0
737,131.3936115419726,72.7778091585632,14648.483,72.22654453363762,14.0
738,131.5305381231395,72.55659500793806,14484.915,72.22654453363762,12.0
739,131.87235505358208,73.4987237869617,14716.648000000001,72.22654453363762,14.0
740,131.85288031950782,72.55131586128199,14528.484,72.22654453363762,8.0
741,131.40004828190118,72.49696378448103,14484.311000000002,72.22654453363762,16.0
742,132.06877046090494,73.21602577842826,14492.434,72.22654453363762,12.0
743,132.07031177763446,73.13947330224251,14540.313,72.22654453363762,12.0
744,131.5087782154197,72.49365897797183,14504.874,72.22654453363762,12.0
745,135.28871780363167,76.16984994840246,14830.904,72.22654453363762,16.0
746,131.64517795445525,72.61319591139116,14536.163,72.22654453363762,17.0
747,131.78223159059337,73.00372106072632,14531.124000000002,72.22654453363762,12.0
748,132.75527868376662,73.78357997866638,14801.140999999998,72.22654453363762,13.0
749,133.95228073526494,75.02848116739433,14719.618,72.22654453363762,15.0
750,131.23408601805914,72.46190996179796,14388.134,72.22654453363762,12.0
751,131.21828719884897,73.50641215915856,14599.93,72.22654453363762,13.0
752,132.05120032298075,73.59670507640404,14686.289000000002,72.22654453363762,11.0
753,133.4441328978964,74.80293132913276,14898.833,72.22654453363762,14.0
754,131.2669854356023,72.76127096695772,14542.601,72.22654453363762,9.0
755,131.99536349325263,73.03353504713237,14518.127999999999,72.22654453363762,8.0
756,132.15278806013097,73.25039869517761,14444.423000000003,72.22654453363762,9.0
757,132.24951312775985,73.65261530439096,14538.483,72.22654453363762,12.0
758,133.4584890464378,74.5615512874578,14789.505,72.22654453363762,14.0
759,134.2216508057154,75.03287867285175,14656.334,72.22654453363762,9.0
760,132.06879608057153,73.33418843570153,14640.004,72.22654453363762,13.0
761,131.95054560527882,73.66696835582457,14593.363,72.22654453363762,11.0
762,131.76992765727329,72.51518642190912,14444.365,72.22654453363762,10.0
763,131.11051734719192,72.13864315737248,14399.005000000001,72.22654453363762,13.0
764,130.84558040930742,72.31712951379241,14376.795,72.13864315737248,13.0
765,131.65942291972613,73.10336474895813,14467.224000000002,72.13864315737248,9.0
766,131.7926066153999,72.84594805417743,14453.165,72.13864315737248,5.0
767,131.07575552044057,72.65533114209168,14519.518,72.13864315737248,18.0
768,131.05038534431435,72.06113888321096,14403.525000000001,72.13864315737248,9.0
769,131.9506121958722,73.27702001736456,14482.260999999999,72.06113888321096,10.0
770,131.1178479564398,72.57687203611827,14464.250999999998,72.06113888321096,9.0
771,134.17060316134155,76.08262219686445,14791.166000000001,72.06113888321096,18.0
772,131.345480621682,72.70055320267922,14501.991,72.06113888321096,7.0
773,131.7005000019845,73.30409610140902,14597.390000000001,72.06113888321096,12.0
774,130.45369067176026,72.10600980254019,14375.99,72.06113888321096,9.0
775,131.3627449801548,72.41106482188927,14417.078,72.06113888321096,8.0
776,131.8606000739234,73.38456918436196,14544.452000000001,72.06113888321096,8.0
777,131.5937806509228,72.72284960458425,14421.635,72.06113888321096,2.0
778,132.22976498114704,73.38260871601508,14551.858999999999,72.06113888321096,17.0
779,131.065220503076,71.61784742954951,14311.185,72.06113888321096,7.0
780,133.04100947608651,73.98290851954752,14530.441,71.61784742954951,17.0
781,131.28981030660844,71.81077113464973,14378.640999999998,71.61784742954951,6.0
782,132.05092497420122,72.89587313554277,14478.000999999998,71.61784742954951,11.0
783,131.91655279668586,72.73082134897797,14467.255,71.61784742954951,15.0
784,131.27000310230204,71.83983722514387,14329.351999999999,71.61784742954951,8.0
785,131.21811563405439,71.90722994641793,14371.897,71.61784742954951,10.0
786,131.10772797727722,72.00970247271283,14374.634999999998,71.61784742954951,10.0
787,131.34688930095257,72.00341058543361,14340.999000000002,71.61784742954951,6.0
788,133.38247921412977,74.66332284332208,14628.747000000001,71.61784742954951,11.0
789,131.96237004663624,73.13345475739233,14541.255000000001,71.61784742954951,14.0
790,132.44272603443144,73.73189189224051,14924.509,71.61784742954951,17.0
791,131.20950584441357,72.46140068565192,14492.649000000001,71.61784742954951,12.0
792,131.32272502778326,71.58701855378052,14314.193000000001,71.61784742954951,10.0
793,134.55438488936298,74.60522727426076,14550.562000000002,71.58701855378052,13.0
794,131.8414323144473,72.98546834887874,14415.751,71.58701855378052,22.0
795,132.00444251835683,73.13478021085533,14568.662000000002,71.58701855378052,18.0
796,131.24386159307403,71.46518619170469,14292.600000000002,71.58701855378052,6.0
797,132.50080752579876,73.37307196368327,14613.795,71.46518619170469,20.0
798,131.6193482694979,71.89627547876562,14285.562,71.46518619170469,15.0
799,131.8857578175233,72.89279619468147,14445.249,71.46518619170469,9.0
800,135.1140777981742,75.72580457878547,14911.605,71.46518619170469,14.0
801,132.03726653601905,72.92161978567177,14579.071000000002,71.46518619170469,13.0
802,132.32978080323474,72.7010523159357,14353.326,71.46518619170469,11.0
803,131.23907564348085,71.46682342131373,14292.930000000002,71.46518619170469,8.0
804,131.95085505159753,72.82482822286168,14514.053999999996,71.46518619170469,14.0
805,131.90242493004564,72.40571206588609,14358.569,71.46518619170469,17.0
806,133.48960939521731,73.63448033240721,14832.779999999999,71.46518619170469,7.0
807,134.20694973853938,74.16810345306607,14681.282,71.46518619170469,13.0
808,134.16303815141893,74.62449260468345,14550.032,71.46518619170469,17.0
809,131.8001741025005,72.23229042667197,14333.599,71.46518619170469,13.0
810,131.925676794999,72.08883098382616,14377.216,71.46518619170469,8.0
811,131.63668845356221,71.89638871105377,14293.013,71.46518619170469,9.0
812,130.9171930492161,71.2603621120262,14269.805,71.46518619170469,17.0
813,132.24418371700736,72.93718866540979,14447.429999999998,71.2603621120262,16.0
814,133.97682958473902,74.035029054872,14460.667,71.2603621120262,15.0
815,132.27292083746775,72.59241493004565,14363.115000000002,71.2603621120262,13.0
816,132.38265389958323,73.06171553830124,14508.761,71.2603621120262,14.0
817,130.5792447355626,71.0775843029371,14296.823,71.2603621120262,9.0
818,134.05634463782496,74.65647602302043,14738.059000000001,71.0775843029371,11.0
819,131.75754816233382,73.00261801250248,14446.452,71.0775843029371,10.0
820,131.7691070648938,72.12074385989283,14190.056,71.0775843029371,12.0
821,131.85187888718,73.38050430640999,14558.586,71.0775843029371,15.0
822,131.2009379752927,72.25931270242111,14511.009999999998,71.0775843029371,11.0
823,130.76066640156776,71.53514680541775,14370.803,71.0775843029371,7.0
824,131.47818044701327,72.32369284828339,14416.380000000001,71.0775843029371,13.0
825,131.68948383260567,72.48298620113118,14660.160999999998,71.0775843029371,13.0
826,132.92593699990078,73.50044944830324,14276.822,71.0775843029371,12.0
827,131.61472610240128,71.8660529142687,14491.619999999999,71.0775843029371,8.0
828,130.72551032893432,71.379680537309,14372.933,71.0775843029371,7.0
829,132.75215779618972,73.48988910299663,14710.646999999999,71.0775843029371,11.0
830,130.71198095306607,71.80125628150427,14369.909000000001,71.0775843029371,15.0
831,131.80853659853145,72.48139076155984,14444.732,71.0775843029371,12.0
832,131.21010622147253,71.48121700932725,14414.956,71.0775843029371,11.0
833,132.17687766521132,72.74586790781902,14360.657,71.0775843029371,16.0
834,131.0495069542568,71.66439461450683,14325.832,71.0775843029371,18.0
835,134.86501229360985,74.78341296884302,14627.977,71.0775843029371,18.0
836,130.99710170371105,71.60311632565984,14390.218,71.0775843029371,11.0
837,131.2390966436793,72.17191650922801,14461.447999999999,71.0775843029371,14.0
838,131.18970000744193,71.88087961897202,14431.694,71.0775843029371,13.0
839,131.49252480005953,72.14361917692004,14375.921,71.0775843029371,13.0
840,130.69686818069061,71.19254521085533,14321.537999999999,71.0775843029371,9.0
841,131.02328726235362,71.82273896011111,14424.304999999998,71.0775843029371,15.0
842,130.5792447355626,71.39451226483429,14360.702999999998,71.0775843029371,4.0
843,130.87291194731097,72.01595727872595,14468.934999999998,71.0775843029371,16.0
844,131.02570460111133,72.06350961450686,14438.983,71.0775843029371,15.0
845,134.7652696437785,75.50295680988292,14799.197999999999,71.0775843029371,12.0
846,131.38650316630282,72.23751532198848,14449.54,71.0775843029371,19.0
847,130.6227050029768,71.17360349821394,14309.428,71.0775843029371,4.0
848,131.92471265429648,72.36439176523119,14429.922999999999,71.0775843029371,14.0
849,131.7109156196666,72.58295917890455,14408.460000000001,71.0775843029371,16.0
850,131.26356151766223,71.97382184312363,14401.228,71.0775843029371,11.0
851,132.36602092925182,73.44746672554079,14424.731,71.0775843029371,14.0
852,131.0864257957928,71.60809224350069,14374.752999999999,71.0775843029371,6.0
853,132.0887086897202,73.26685560230206,14491.208999999999,71.0775843029371,12.0
854,131.84868635641993,72.49949602698949,14354.369999999999,71.0775843029371,11.0
855,130.54604359744,71.21639960309585,14216.172999999999,71.0775843029371,10.0
856,130.8544096060726,72.71666459366936,14469.73,71.0775843029371,10.0
857,130.9681365628101,71.80906108751738,14388.591,71.0775843029371,8.0
858,130.9485152088708,72.50759437636434,14642.03,71.0775843029371,11.0
859,133.13498440067474,74.51411555467352,14883.893999999998,71.0775843029371,12.0
860,132.22545527663377,72.6866723956731,14573.733999999999,71.0775843029371,15.0
861,130.4059237750546,71.12478359992062,14325.937999999998,71.0775843029371,10.0
862,130.2892881196666,71.75781689372891,14475.918000000001,71.0775843029371,5.0
863,130.82833623734868,71.77741615151817,14383.686,71.0775843029371,9.0
864,131.79817320946617,72.67604682129392,14492.693,71.0775843029371,13.0
865,130.84882203562213,71.68757194979162,14340.607,71.0775843029371,13.0
866,131.70483341139118,72.062536493848,14393.623,71.0775843029371,11.0
867,132.114044413078,72.58982158712047,14489.723,71.0775843029371,10.0
868,131.9108331588609,72.72167225243103,14467.688,71.0775843029371,17.0
869,131.35664126364358,71.88466863365747,14308.567000000001,71.0775843029371,9.0
870,132.1646436946815,73.41161961252232,14596.969000000001,71.0775843029371,21.0
871,131.3841897286168,71.73678811222466,14301.091,71.0775843029371,11.0
872,131.40331867483627,72.10440831266125,14390.631000000001,71.0775843029371,11.0
873,131.88772278180193,72.13444772325859,14384.890000000001,71.0775843029371,20.0
874,131.35858653552296,72.0607727202818,14465.652,71.0775843029371,8.0
875,130.99018323625722,71.66430019398689,14310.375,71.0775843029371,9.0
876,131.3631785701528,73.63797675828538,14606.164,71.0775843029371,15.0
877,130.82139942845802,71.39399773814247,14367.627,71.0775843029371,10.0
878,131.97758739283586,71.85703290285771,14720.605,71.0775843029371,7.0
879,134.68676873486802,75.9014347797182,14872.736,71.0775843029371,12.0
880,130.91283796437787,71.92894453363762,14421.717999999999,71.0775843029371,10.0
881,131.37426212740624,71.94281761510221,14482.449999999997,71.0775843029371,10.0
882,131.42172976384202,72.76075647052986,14514.132,71.0775843029371,7.0
883,130.80135015380037,71.33810605973409,14293.097,71.0775843029371,11.0
884,130.60780181285972,71.2894217930145,14241.973,71.0775843029371,7.0
885,131.38306532645365,72.08397052837864,14392.602,71.0775843029371,15.0
886,130.86104078487799,71.30230170569558,14302.506,71.0775843029371,7.0
887,131.6120976151022,71.99465178706092,14408.754,71.0775843029371,13.0
888,135.03579788053185,75.16726948848978,14792.623999999998,71.0775843029371,11.0
889,133.19844384748959,73.97692552143283,14448.134000000002,71.0775843029371,15.0
890,130.8121109828339,71.53330990722367,14391.074,71.0775843029371,10.0
891,130.67537300456442,71.50081097688033,14396.996000000001,71.0775843029371,8.0
892,131.32859859247864,72.33624123288351,14402.506000000001,71.0775843029371,12.0
893,130.99680291674935,71.61803831166898,14417.693,71.0775843029371,15.0
894,131.97099686148047,72.94663939174438,14398.759,71.0775843029371,7.0
895,130.67808668585036,71.27810076404049,14352.079999999998,71.0775843029371,4.0
896,131.48333407322883,72.25376096249256,14465.268,71.0775843029371,13.0
897,130.6681620038698,71.21748944830324,14320.098,71.0775843029371,13.0
898,130.4015536539988,70.72948788549316,14280.62,71.0775843029371,9.0
899,130.7440667915261,71.1888560686644,14322.145,70.72948788549316,15.0
900,133.05090584540585,73.19012367086724,14550.195,70.72948788549316,11.0
901,130.88531668436198,71.32257018604882,14441.116,70.72948788549316,11.0
902,131.5398730176135,72.94067126866783,14633.557999999999,70.72948788549316,13.0
903,135.1610551657075,75.50880299712244,14769.515000000001,70.72948788549316,9.0
904,133.83958443689227,74.25423094909704,14432.974,70.72948788549316,10.0
905,131.5614436783092,72.4360337492558,14549.341000000002,70.72948788549316,14.0
906,131.17421133012502,71.69018088211946,14334.685,70.72948788549316,10.0
907,130.80418460805714,71.01715304475093,14309.461000000001,70.72948788549316,10.0
908,130.45628019547527,70.78192762452869,14286.480000000001,70.72948788549316,13.0
909,132.8939946447708,74.49915410051597,14888.784999999998,70.72948788549316,14.0
910,131.7998049985116,72.15282708225838,14618.7,70.72948788549316,7.0
911,130.7531169443342,71.48471607362572,14387.851999999999,70.72948788549316,13.0
912,132.43587289045448,72.71466764487,14423.930999999999,70.72948788549316,17.0
913,130.99929520539789,71.6376826478468,14335.781,70.72948788549316,11.0
914,131.6760985155785,72.57753986108352,14560.650999999998,70.72948788549316,17.0
915,130.95880087517364,71.59520313703116,14384.536999999998,70.72948788549316,14.0
916,130.76470824072234,71.3112261569756,14388.948,70.72948788549316,17.0
917,132.0045483592975,72.20331752381425,14263.093,70.72948788549316,14.0
918,131.3600421512205,71.45600031653106,14413.33,70.72948788549316,8.0
919,130.41021182030164,70.79729699940465,14343.043,70.72948788549316,9.0
920,131.1477725902957,71.55415690365153,14321.051,70.72948788549316,9.0
921,130.65445318763642,70.87939601706687,14357.43,70.72948788549316,9.0
922,131.37611096150027,71.73157725342331,14426.559,70.72948788549316,10.0
923,130.52756783538402,71.02195181385196,14309.572999999999,70.72948788549316,13.0
924,130.28605131077592,71.04367862125422,14356.624000000002,70.72948788549316,12.0
925,132.3476419115896,73.00918969984124,14463.307,70.72948788549316,9.0
926,130.2882815499107,70.79484112323874,14271.386,70.72948788549316,10.0
927,130.78739902063901,71.42837150773963,14416.484999999999,70.72948788549316,14.0
928,131.71272018952172,72.72907147201828,14503.311000000002,70.72948788549316,13.0
929,131.3015860026791,72.16633437785273,14536.003,70.72948788549316,10.0
930,130.35856931137127,71.23524203066084,14306.387,70.72948788549316,6.0
931,130.59788653601905,71.02640620113118,14300.894,70.72948788549316,7.0
932,130.2056992771383,71.95447382565985,14499.809,70.72948788549316,12.0
933,130.78712874875967,71.45340239730105,14334.776,70.72948788549316,10.0
934,131.5148652465767,72.23525172603692,14476.698,70.72948788549316,15.0
935,131.9109497916253,72.96319127505457,14518.036999999998,70.72948788549316,9.0
936,132.76162474895813,73.42269886783092,14316.135999999999,70.72948788549316,16.0
937,130.84491169428458,71.31517544800556,14378.243999999999,70.72948788549316,12.0
938,133.9398998541377,74.30877977922205,14477.694,70.72948788549316,16.0
939,130.72511802440962,71.68219479162532,14450.525,70.72948788549316,16.0
940,130.81218286217504,71.10121410051597,14306.832000000002,70.72948788549316,13.0
941,130.1901100233181,70.88156987993649,14223.536,70.72948788549316,12.0
942,130.43145765876167,70.63155122643381,14247.962000000001,70.72948788549316,10.0
943,133.68249818962096,74.11518944582258,14335.221,70.63155122643381,11.0
944,130.4112801200635,70.61041010914863,14243.394,70.63155122643381,9.0
945,131.77566061123238,72.14947044105973,14351.907000000001,70.61041010914863,15.0
946,130.9303678289343,71.47165792915261,14348.152,70.61041010914863,9.0
947,131.98914998313157,71.97033838112719,14471.867999999999,70.61041010914863,8.0
948,130.57990399831314,71.51455327991664,14353.596,70.61041010914863,11.0
949,131.56316854385793,72.18399798124628,14335.139,70.61041010914863,15.0
950,132.6098119458226,72.33022033687239,14603.383,70.61041010914863,12.0
951,132.52018269200238,73.00759078140506,14381.231,70.61041010914863,13.0
952,130.65919764536613,71.019326459615,14225.478,70.61041010914863,5.0
953,131.93662403205,72.55210418188133,14548.393,70.61041010914863,14.0
954,130.38726082556065,70.81123701428854,14288.714,70.61041010914863,10.0
955,131.9150678730899,72.52497950932725,14409.578000000001,70.61041010914863,14.0
956,130.6026340414765,71.11412506945824,14340.759,70.61041010914863,11.0
957,131.41043863861876,71.59739380134947,14319.594000000001,70.61041010914863,11.0
958,130.67595886336574,70.94986054326255,14327.929,70.61041010914863,9.0
959,131.28178001389165,72.69527359843224,14582.167,70.61041010914863,13.0
960,130.98304710855328,71.19005775203414,14256.719,70.61041010914863,8.0
961,134.294133254614,74.77579777436,14817.865999999998,70.61041010914863,20.0
962,131.9673475441556,72.12309729112918,14353.959,70.61041010914863,18.0
963,130.26282681087517,70.73371559386783,14278.619,70.61041010914863,7.0
964,132.81435848729907,72.92898555467353,14481.966999999999,70.61041010914863,8.0
965,130.4681916307799,70.57831151915063,14221.592000000002,70.61041010914863,12.0
966,130.49169984024607,70.60046781107361,14207.472999999998,70.57831151915063,10.0
967,130.51770384004763,70.60903421016074,14190.497000000001,70.57831151915063,15.0
968,131.13410812710853,71.81177760666799,14483.669,70.57831151915063,13.0
969,130.36310022425087,70.98760253175232,14305.223000000002,70.57831151915063,9.0
970,130.69993043510618,70.90448776046834,14283.104000000001,70.57831151915063,8.0
971,130.98399699990077,71.46936185205398,14400.033,70.57831151915063,8.0
972,132.0365387442945,72.26907168336972,14603.76,70.57831151915063,14.0
973,130.95703606667988,71.40765179202222,14392.844000000001,70.57831151915063,11.0
974,131.0978430090296,71.80238614754911,14480.983000000002,70.57831151915063,21.0
975,131.40613230402857,71.79347920371103,14468.095000000001,70.57831151915063,11.0
976,131.64650889214127,72.68587080769993,14586.899,70.57831151915063,18.0
977,130.76067322435006,70.84638837963882,14243.282000000001,70.57831151915063,5.0
978,132.40797213584042,72.89039882615597,14488.627,70.57831151915063,13.0
979,132.09029846646158,71.85483661837667,14316.237000000001,70.57831151915063,7.0
980,130.467131684362,70.90756671115301,14258.555000000002,70.57831151915063,16.0
981,130.5230106315737,71.07452207283191,14280.636,70.57831151915063,10.0
982,131.50003511460608,71.57726012651318,14482.686000000002,70.57831151915063,6.0
983,130.46144211202616,70.50697173447114,14191.992000000002,70.57831151915063,10.0
984,131.17145857759476,71.531751185255,14434.613999999998,70.50697173447114,13.0
985,131.01070897549116,71.57633721522127,14335.75,70.50697173447114,15.0
986,131.31095457283192,71.67094604038499,14308.837,70.50697173447114,8.0
987,131.10117783885693,71.24415411440762,14264.899999999998,70.50697173447114,12.0
988,130.89813957183964,71.28326665409803,14319.923,70.50697173447114,8.0
989,131.21699315886087,72.11797735562612,14431.411,70.50697173447114,12.0
990,133.2383944577297,73.35173815687637,14595.754999999997,70.50697173447114,12.0
991,132.35140582059933,72.50957370906926,14556.464000000002,70.50697173447114,10.0
992,132.41748613216907,73.31396421561817,14597.998000000001,70.50697173447114,10.0
993,132.30815163127605,72.7069452798174,14475.704,70.50697173447114,13.0
994,133.6643358826156,73.95367555616193,14598.376,70.50697173447114,16.0
995,133.11485175431633,73.27695349325265,14467.665999999997,70.50697173447114,15.0
996,130.61204129837267,70.83039547975788,14261.451000000001,70.50697173447114,9.0
997,131.03740477376462,71.3719054222068,14250.237000000001,70.50697173447114,10.0
998,132.29317647102602,72.90425530164715,14390.358999999999,70.50697173447114,12.0
999,129.966255491665,71.39290466759277,14381.035,70.50697173447114,11.0
1000,131.6006006281008,71.73925083895614,14277.363,70.50697173447114,10.0
